{
  "group": "michaelsmcmod",
  "type": "minecraft:crafting_shapeless",
  "ingredients": [
    {
      "item": "michaelsmcmod:coppernugget"
    },
    {
      "item": "michaelsmcmod:coppernugget"
    },
    {
      "item": "michaelsmcmod:coppernugget"
    },
    {
      "item": "michaelsmcmod:coppernugget"
    },
    {
      "item": "michaelsmcmod:coppernugget"
    },
    {
      "item": "michaelsmcmod:coppernugget"
    }
  ],
  "result": {
    "item": "michaelsmcmod:copperingot",
    "count": 1
  }
}