{
  "_fv": 6,
  "_type": "tool",
  "definition": {
    "renderType": 0,
    "texture": "copper_axe",
    "customModelName": "Normal",
    "name": "Copper Axe",
    "creativeTab": {
      "value": "TOOLS"
    },
    "toolType": "Axe",
    "harvestLevel": 2,
    "efficiency": 6.5,
    "attackSpeed": 0.75,
    "enchantability": 15,
    "damageVsEntity": 5.0,
    "usageCount": 200,
    "blocksAffected": [],
    "hasGlow": false,
    "repairItems": [
      {
        "value": "CUSTOM:CopperNugget"
      }
    ]
  }
}