{
  "_fv": 6,
  "_type": "biome",
  "definition": {
    "name": "Copperfields",
    "groundBlock": {
      "value": "CUSTOM:CopperGrass"
    },
    "undergroundBlock": {
      "value": "CUSTOM:CopperDirt"
    },
    "generateLakes": false,
    "treeType": 1,
    "vanillaTreeType": "Default",
    "minHeight": 6,
    "spawnVines": false,
    "treeVines": {
      "value": "Blocks.VINE"
    },
    "treeStem": {
      "value": "CUSTOM:CopperVarnishedAcacia"
    },
    "treeBranch": {
      "value": "CUSTOM:CopperAcaciaLeaves"
    },
    "treeFruits": {
      "value": "Blocks.CACTUS"
    },
    "customColors": true,
    "airColor": {
      "value": -4553934,
      "falpha": 0.0
    },
    "grassColor": {
      "value": -13261999,
      "falpha": 0.0
    },
    "waterColor": {
      "value": -3438556,
      "falpha": 0.0
    },
    "treesPerChunk": 1,
    "grassPerChunk": 0,
    "flowersPerChunk": 1,
    "mushroomsPerChunk": 0,
    "bigMushroomsChunk": 0,
    "sandPathcesPerChunk": 10,
    "gravelPatchesPerChunk": 5,
    "reedsPerChunk": 0,
    "cactiPerChunk": 5,
    "deadBushesPerChunk": 5,
    "rainingPossibility": 0.1,
    "temperature": 2.0,
    "baseHeight": 0.1,
    "heightVariation": 0.5,
    "spawnBiome": true,
    "biomeWeight": 15,
    "biomeType": "DESERT",
    "biomeCategory": "SAVANNA",
    "parent": {
      "value": "plains"
    },
    "biomeDictionaryTypes": [],
    "spawnList": [
      {
        "value": "EntityCow"
      },
      {
        "value": "EntityHorse"
      },
      {
        "value": "EntityHusk"
      },
      {
        "value": "EntityZombie"
      },
      {
        "value": "EntityDonkey"
      }
    ]
  }
}