{
  "_fv": 6,
  "_type": "armor",
  "definition": {
    "enableHelmet": true,
    "textureHelmet": "copper_head",
    "enableBody": true,
    "textureBody": "copper_body",
    "enableLeggings": true,
    "textureLeggings": "copper_leggings",
    "enableBoots": true,
    "textureBoots": "copper_boots",
    "creativeTab": {
      "value": "COMBAT"
    },
    "armorTextureFile": "copper",
    "helmetName": "Copper Helmet",
    "bodyName": "Copper Chestplate",
    "leggingsName": "Copper Leggings",
    "bootsName": "Copper Boots",
    "helmetModelName": "Default",
    "helmetModelPart": "Helmet",
    "helmetModelTexture": "From armor",
    "bodyModelName": "Default",
    "bodyModelPart": "Body",
    "bodyModelTexture": "From armor",
    "leggingsModelName": "Default",
    "leggingsModelPartL": "Leggings L",
    "leggingsModelPartR": "Leggings R",
    "leggingsModelTexture": "From armor",
    "bootsModelName": "Default",
    "bootsModelPartL": "Boots L",
    "bootsModelPartR": "Boots R",
    "bootsModelTexture": "From armor",
    "maxDamage": 13,
    "damageValueHelmet": 1,
    "damageValueBody": 4,
    "damageValueLeggings": 5,
    "damageValueBoots": 1,
    "enchantability": 10,
    "toughness": 1.0,
    "equipSound": {
      "value": ""
    },
    "repairItems": [
      {
        "value": "CUSTOM:CopperNugget"
      }
    ]
  }
}