{
  "_fv": 6,
  "_type": "block",
  "definition": {
    "texture": "hazedirtblock",
    "textureTop": "hazedirtblocktop",
    "textureLeft": "hazedirtblock",
    "textureFront": "hazedirtblock",
    "textureRight": "hazedirtblock",
    "textureBack": "hazedirtblock",
    "renderType": 10,
    "customModelName": "Normal",
    "rotationMode": 0,
    "hasTransparency": false,
    "transparencyType": "SOLID",
    "mx": 0.0,
    "my": 0.0,
    "mz": 0.0,
    "Mx": 1.0,
    "My": 1.0,
    "Mz": 1.0,
    "faceShape": "SOLID",
    "name": "Haze Dirt",
    "specialInfo": [],
    "hardness": 0.7,
    "resistance": 1.2,
    "hasGravity": false,
    "creativeTab": {
      "value": "BUILDING_BLOCKS"
    },
    "destroyTool": "shovel",
    "affectedBySilkTouch": true,
    "customDrop": {
      "value": "Blocks.DIRT#0"
    },
    "dropAmount": 1,
    "isBeaconBase": false,
    "enchantPowerBonus": 0.0,
    "plantsGrowOn": true,
    "canProvidePower": true,
    "lightOpacity": 255,
    "material": {
      "value": "GRASS"
    },
    "tickRate": 10,
    "tickRandomly": false,
    "isReplaceable": false,
    "colorOnMap": "DEFAULT",
    "creativePickItem": {
      "value": ""
    },
    "flammability": 0,
    "fireSpreadSpeed": 0,
    "isLadder": false,
    "slipperiness": 0.6,
    "reactionToPushing": "NORMAL",
    "isNotColidable": false,
    "soundOnStep": {
      "value": "PLANT"
    },
    "luminance": 0.0,
    "unbreakable": false,
    "breakHarvestLevel": 1,
    "spawnParticles": false,
    "particleToSpawn": {
      "value": "EXPLOSION_NORMAL"
    },
    "particleSpawningShape": "Spread",
    "particleSpawningRadious": 0.5,
    "particleAmount": 4,
    "particleSpawningCondition": "ALWAYS",
    "hasInventory": false,
    "guiBoundTo": "<NONE>",
    "openGUIOnRightClick": false,
    "inventorySize": 9,
    "inventoryStackSize": 64,
    "inventoryDropWhenDestroyed": true,
    "inventoryComparatorPower": true,
    "inventoryOutSlotIDs": [],
    "spawnWorldTypes": [],
    "restrictionBiomes": [],
    "blocksToReplace": [
      {
        "value": "Blocks.STONE"
      }
    ],
    "frequencyPerChunks": 10,
    "frequencyOnChunk": 16,
    "minGenerateHeight": 0,
    "maxGenerateHeight": 64
  }
}