{
  "_fv": 6,
  "_type": "item",
  "definition": {
    "renderType": 0,
    "texture": "hazepowder",
    "customModelName": "Normal",
    "name": "Haze Powder",
    "creativeTab": {
      "value": "MATERIALS"
    },
    "stackSize": 64,
    "enchantability": 0,
    "useDuration": 0,
    "toolType": 1.0,
    "damageCount": 0,
    "destroyAnyBlock": false,
    "stayInGridWhenCrafting": false,
    "enableMeleeDamage": true,
    "damageVsEntity": 3.0,
    "specialInfo": [],
    "hasGlow": false,
    "onEntityHitWith": {
      "name": "HazePowderMobIsHitWithItem"
    },
    "onItemInUseTick": {
      "name": "HazePowderItemInHandTick"
    }
  }
}