{
  "_fv": 6,
  "_type": "biome",
  "definition": {
    "name": "The Haze Lands",
    "groundBlock": {
      "value": "Blocks.AIR"
    },
    "undergroundBlock": {
      "value": "CUSTOM:HazeDirtBlock"
    },
    "generateLakes": false,
    "treeType": 1,
    "vanillaTreeType": "Default",
    "minHeight": 12,
    "spawnVines": false,
    "treeVines": {
      "value": "Blocks.VINE"
    },
    "treeStem": {
      "value": "Blocks.MUSHROOM_STEM"
    },
    "treeBranch": {
      "value": "CUSTOM:HazeMushroom"
    },
    "treeFruits": {
      "value": "CUSTOM:CopperGrass"
    },
    "customColors": true,
    "airColor": {
      "value": -7383589,
      "falpha": 0.0
    },
    "grassColor": {
      "value": -13261999,
      "falpha": 0.0
    },
    "waterColor": {
      "value": -9818450,
      "falpha": 0.0
    },
    "treesPerChunk": 2,
    "grassPerChunk": 0,
    "flowersPerChunk": 0,
    "mushroomsPerChunk": 0,
    "bigMushroomsChunk": 0,
    "sandPathcesPerChunk": 0,
    "gravelPatchesPerChunk": 4,
    "reedsPerChunk": 0,
    "cactiPerChunk": 0,
    "deadBushesPerChunk": 0,
    "rainingPossibility": 0.5,
    "temperature": 0.5,
    "baseHeight": 0.25,
    "heightVariation": 1.2,
    "spawnBiome": true,
    "biomeWeight": 7,
    "biomeType": "WARM",
    "biomeCategory": "FOREST",
    "parent": {
      "value": "No parent"
    },
    "biomeDictionaryTypes": [],
    "spawnList": []
  }
}