{
  "_fv": 6,
  "_type": "recipe",
  "definition": {
    "recipeType": "Crafting",
    "xpReward": 0.0,
    "recipeRetstackSize": 1,
    "group": "",
    "recipeShapeless": true,
    "recipeSlots": [
      {
        "value": ""
      },
      {
        "value": "Items.GOLD_NUGGET"
      },
      {
        "value": ""
      },
      {
        "value": "Items.COAL#0"
      },
      {
        "value": "CUSTOM:HazePowder"
      },
      {
        "value": "Items.COAL#0"
      },
      {
        "value": ""
      },
      {
        "value": "Items.NETHER_WART"
      },
      {
        "value": ""
      }
    ],
    "recipeReturnStack": {
      "value": "CUSTOM:Infusedhazedust"
    },
    "name": "imfusedhazedustrec",
    "namespace": "mod"
  }
}